18th/19th Century,Early Modern / Renaissance / Eighteenth & Nineteenth Century Art
African / African-American Art,African / African Diaspora Art
African Art,African / African Diaspora Art
African Art / Art of the African Diaspora,African / African Diaspora Art
African-American Art,African / African Diaspora Art
American,North American Art
American Art,North American Art
American/Americas,North American Art
Ancient,Ancient Art
Ancient Art,Ancient Art
"Ancient Mediterranean and Near East, Art and Archaeology",Ancient Art
Architectural History,Architecture
Architecture,Architecture
Arts Management / Arts Administration,Curatorial Studies / Arts Administration
Arts Management/Arts Administration,Curatorial Studies / Arts Administration
Asian,Asian / Asian Diaspora Art
Asian American Art,Asian / Asian Diaspora Art
Asian Art,Asian / Asian Diaspora Art
Asian Art ,Asian / Asian Diaspora Art
"Asian: East, South, Southeast",Asian / Asian Diaspora Art
Byzantine / Medieval Art,Byzantine / Medieval Art
Canadian Art,North American Art
"Contemporary Art, Modern Art, Architecture, & Design",manual
Costume / Dress or Textile History,Design
Costume/ Dress or Textile History,Design
Design History,Design
Early Modern / Renaissance,Early Modern / Renaissance / Eighteenth & Nineteenth Century Art
Early Modern / Renaissance Art,Early Modern / Renaissance / Eighteenth & Nineteenth Century Art
Early Modern Europe,Early Modern / Renaissance / Eighteenth & Nineteenth Century Art
Eighteenth / Nineteenth C. Art,Early Modern / Renaissance / Eighteenth & Nineteenth Century Art
Eighteenth / Nineteenth Century Art,Early Modern / Renaissance / Eighteenth & Nineteenth Century Art
Eighteenth- / Nineteenth-Century Art,Early Modern / Renaissance / Eighteenth & Nineteenth Century Art
Fellowships,manual
Film,Film / Photography
Gender and Sexuality Studies,Gender and Sexuality Studies
General Art History,General / Open
General Non-Western Art History,Global / Non-Western Art
Generalist,General / Open
Generalist / Open,General / Open
Generalist / Open / Visual Culture,manual
Global / Non-Western,Global / Non-Western Art
Global / Non-Western Art,Global / Non-Western Art
Global / Western and Non-Western Components,Global / Non-Western Art
Hispanic / Latin American Art,Latin American Art
Hispanic / Latin American Art ,Latin American Art
Islamic / Middle Eastern Art,Middle Eastern / Islamic Art
Islamic Art,Middle Eastern / Islamic Art
Islamic Art ,Middle Eastern / Islamic Art
Latin American/Pre-Columbian,Hispanic / Latin American Art
Medieval / Byzantine,Byzantine / Medieval Art
Medieval / Byzantine Art,Byzantine / Medieval Art
Medieval: Western Medieval and Byzantine,Byzantine / Medieval Art
Middle Eastern / Islamic Art,Middle Eastern / Islamic Art
Modern / Contemporary,Modern / Contemporary Art
Modern / Contemporary Art,Modern / Contemporary Art
Modern/Contemporary,Modern / Contemporary Art
Museum Studies,Curatorial Studies / Arts Administration
Native American Art,North American Art
Non-Western/Global,Global / Non-Western Art
Open / Multiple,General / Open
Photography,Film / Photography
Photography / Film,Film / Photography
Photography / Film / Media Studies,manual
Renaissance / Early Modern,Early Modern / Renaissance / Eighteenth & Nineteenth Century Art
Russian and East European,manual
Visual Culture / Visual Studies,Visual Studies / Visual Culture
Visual Studies / Visual Culture,Visual Studies / Visual Culture
